{
  "phases": {
    "package": {
      "context": {
        "credentials": [
          {
            "url": "{VIB_ENV_CHARTS_REGISTRY}",
            "authn": {
              "username": "{VIB_ENV_CHARTS_REGISTRY_USERNAME}",
              "password": "{VIB_ENV_CHARTS_REGISTRY_PASSWORD}"
            }
          }
        ],
        "resources": {
          "url": "{SHA_ARCHIVE}",
          "path": "/bitnami/fluent-bit"
        }
      },
      "actions": [
        {
          "action_id": "helm-package"
        },
        {
          "action_id": "helm-lint"
        }
      ]
    },
    "verify": {
      "context": {
        "resources": {
          "url": "{SHA_ARCHIVE}",
          "path": "/bitnami/fluent-bit"
        },
        "target_platform": {
          "target_platform_id": "{VIB_ENV_TARGET_PLATFORM}",
          "size": {
            "name": "S4"
          }
        }
      },
      "actions": [
        {
          "action_id": "goss",
          "params": {
            "resources": {
              "path": "/.vib"
            },
            "tests_file": "fluent-bit/goss/goss.yaml",
            "vars_file": "fluent-bit/runtime-parameters.yaml",
            "remote": {
              "pod": {
                "workload": "deploy-fluent-bit"
              }
            }
          }
        },
        {
          "action_id": "kubescape",
          "params": {
            "threshold": {VIB_ENV_KUBESCAPE_SCORE_THRESHOLD}
          }
        }
      ]
    }
  }
}
